y,x,id,ip,model
43.7660477,7.4839554999999995,node0,192.168.160.22,../../models/model2.csv
43.7404571,7.4255975,node1,192.168.160.23,../../models/model1.csv

