x,y,id,ip,model
7.5103372,43.779317,node_0,192.168.160.22,../../models/model1.csv
7.5029319,43.762868,node_1,192.168.160.23,../../models/model2.csv
7.4789829,43.762868,node_2,192.168.160.24,../../models/model1.csv
7.4715768,43.779317,node_3,192.168.160.25,../../models/model2.csv
7.4909579,43.789485,node_4,192.168.160.26,../../models/model1.csv
